<templateFileSet xmlns:xsi="http://www.w3.org/2001/XMLSchema-instance" xmlns:xsd="http://www.w3.org/2001/XMLSchema" xmlns="http://schemas.openehr.org/v1">
   <cid>1051.57.59</cid>
   <versionAsset>1</versionAsset>
   <templateName>Adverse reaction risk</templateName>
   <templateId>3d9891a8-eb77-46aa-ae09-f5c499466725</templateId>
   <rootArchetypeId>openEHR-EHR-EVALUATION.adverse_reaction_risk.v1</rootArchetypeId>
   <creationTime>14-Jun-2016</creationTime>
   <modificationTime>14-Jun-2016</modificationTime>
   <directLink>http://ckm.apperta.org/ckm/#showTemplate_1051.57.59_1</directLink>
   <logMessage>Initial upload</logMessage>
   <ckmResource>
      <cid>1051.32.285</cid>
      <versionAsset>4</versionAsset>
      <resourceMainId>openEHR-EHR-EVALUATION.adverse_reaction_risk.v1</resourceMainId>
      <resourceMainDisplayName>Adverse reaction risk</resourceMainDisplayName>
      <resourceType>ARCHETYPE</resourceType>
      <creationTime>2015-02-16T11:38:04+0100</creationTime>
      <modificationTime>2016-03-23T13:52:28+0100</modificationTime>
      <directLink>http://ckm.apperta.org/ckm/#showArchetype_1051.32.285_4</directLink>
   </ckmResource>
</templateFileSet>