<templateFileSet xmlns:xsi="http://www.w3.org/2001/XMLSchema-instance" xmlns:xsd="http://www.w3.org/2001/XMLSchema" xmlns="http://schemas.openehr.org/v1">
   <cid>1051.57.37</cid>
   <versionAsset>3</versionAsset>
   <templateName>AoMRC Discharge summary (meds only)</templateName>
   <templateId>2d9250e9-212e-46b5-ab32-711a5385a13e</templateId>
   <rootArchetypeId>openEHR-EHR-COMPOSITION.report.v1</rootArchetypeId>
   <creationTime>22-Feb-2015</creationTime>
   <modificationTime>23-Feb-2015</modificationTime>
   <directLink>http://ckm.apperta.org/ckm/#showTemplate_1051.57.37_3</directLink>
   <logMessage>Added discontinuation.</logMessage>
   <ckmResource>
      <cid>1051.32.238</cid>
      <versionAsset>1</versionAsset>
      <resourceMainId>openEHR-EHR-SECTION.allergies_adverse_reactions_rcp.v1</resourceMainId>
      <resourceMainDisplayName>Allergies and adverse reactions</resourceMainDisplayName>
      <resourceType>ARCHETYPE</resourceType>
      <creationTime>2014-07-24T19:38:45+0200</creationTime>
      <modificationTime>2014-07-24T19:38:45+0200</modificationTime>
      <directLink>http://ckm.apperta.org/ckm/#showArchetype_1051.32.238_1</directLink>
   </ckmResource>
   <ckmResource>
      <cid>1051.32.118</cid>
      <versionAsset>1</versionAsset>
      <resourceMainId>openEHR-EHR-EVALUATION.absence.v1</resourceMainId>
      <resourceMainDisplayName>Absence of Information</resourceMainDisplayName>
      <resourceType>ARCHETYPE</resourceType>
      <creationTime>2013-09-03T18:40:10+0200</creationTime>
      <modificationTime>2013-09-03T18:40:10+0200</modificationTime>
      <directLink>http://ckm.apperta.org/ckm/#showArchetype_1051.32.118_1</directLink>
   </ckmResource>
   <ckmResource>
      <cid>1051.32.166</cid>
      <versionAsset>2</versionAsset>
      <resourceMainId>openEHR-EHR-COMPOSITION.report.v1</resourceMainId>
      <resourceMainDisplayName>Report</resourceMainDisplayName>
      <resourceType>ARCHETYPE</resourceType>
      <creationTime>2013-09-05T17:51:00+0200</creationTime>
      <modificationTime>2015-02-21T19:34:45+0100</modificationTime>
      <directLink>http://ckm.apperta.org/ckm/#showArchetype_1051.32.166_2</directLink>
   </ckmResource>
   <ckmResource>
      <cid>1051.32.243</cid>
      <versionAsset>1</versionAsset>
      <resourceMainId>openEHR-EHR-SECTION.current_medication_rcp.v1</resourceMainId>
      <resourceMainDisplayName>Current medication</resourceMainDisplayName>
      <resourceType>ARCHETYPE</resourceType>
      <creationTime>2014-07-24T19:38:51+0200</creationTime>
      <modificationTime>2014-07-24T19:38:51+0200</modificationTime>
      <directLink>http://ckm.apperta.org/ckm/#showArchetype_1051.32.243_1</directLink>
   </ckmResource>
   <ckmResource>
      <cid>1051.32.103</cid>
      <versionAsset>2</versionAsset>
      <resourceMainId>openEHR-EHR-EVALUATION.contraindication.v1</resourceMainId>
      <resourceMainDisplayName>Contraindication</resourceMainDisplayName>
      <resourceType>ARCHETYPE</resourceType>
      <creationTime>2013-09-03T18:39:50+0200</creationTime>
      <modificationTime>2014-01-06T19:06:31+0100</modificationTime>
      <directLink>http://ckm.apperta.org/ckm/#showArchetype_1051.32.103_2</directLink>
   </ckmResource>
   <ckmResource>
      <cid>1051.32.140</cid>
      <versionAsset>3</versionAsset>
      <resourceMainId>openEHR-EHR-CLUSTER.medication_event_summary.v1</resourceMainId>
      <resourceMainDisplayName>Medication event summary</resourceMainDisplayName>
      <resourceType>ARCHETYPE</resourceType>
      <creationTime>2013-09-03T19:21:47+0200</creationTime>
      <modificationTime>2014-10-14T22:34:49+0200</modificationTime>
      <directLink>http://ckm.apperta.org/ckm/#showArchetype_1051.32.140_3</directLink>
   </ckmResource>
   <ckmResource>
      <cid>1051.32.273</cid>
      <versionAsset>2</versionAsset>
      <resourceMainId>openEHR-EHR-EVALUATION.medication_statement_uk.v1</resourceMainId>
      <resourceMainDisplayName>Medication statement</resourceMainDisplayName>
      <resourceType>ARCHETYPE</resourceType>
      <creationTime>2014-10-14T22:30:39+0200</creationTime>
      <modificationTime>2014-10-14T23:41:50+0200</modificationTime>
      <directLink>http://ckm.apperta.org/ckm/#showArchetype_1051.32.273_2</directLink>
   </ckmResource>
   <ckmResource>
      <cid>1051.32.252</cid>
      <versionAsset>1</versionAsset>
      <resourceMainId>openEHR-EHR-SECTION.medication_medical_devices_rcp.v1</resourceMainId>
      <resourceMainDisplayName>Medication and medical devices</resourceMainDisplayName>
      <resourceType>ARCHETYPE</resourceType>
      <creationTime>2014-07-24T19:39:00+0200</creationTime>
      <modificationTime>2014-07-24T19:39:00+0200</modificationTime>
      <directLink>http://ckm.apperta.org/ckm/#showArchetype_1051.32.252_1</directLink>
   </ckmResource>
   <ckmResource>
      <cid>1051.32.25</cid>
      <versionAsset>3</versionAsset>
      <resourceMainId>openEHR-EHR-CLUSTER.medication_quantity_sct.v1</resourceMainId>
      <resourceMainDisplayName>Medication quantity</resourceMainDisplayName>
      <resourceType>ARCHETYPE</resourceType>
      <creationTime>2013-01-30T20:47:44+0100</creationTime>
      <modificationTime>2013-09-04T13:53:43+0200</modificationTime>
      <directLink>http://ckm.apperta.org/ckm/#showArchetype_1051.32.25_3</directLink>
   </ckmResource>
   <ckmResource>
      <cid>1051.32.26</cid>
      <versionAsset>5</versionAsset>
      <resourceMainId>openEHR-EHR-CLUSTER.medication_event.v1</resourceMainId>
      <resourceMainDisplayName>Medication event</resourceMainDisplayName>
      <resourceType>ARCHETYPE</resourceType>
      <creationTime>2013-01-30T21:06:47+0100</creationTime>
      <modificationTime>2014-10-14T22:45:54+0200</modificationTime>
      <directLink>http://ckm.apperta.org/ckm/#showArchetype_1051.32.26_5</directLink>
   </ckmResource>
   <ckmResource>
      <cid>1051.32.92</cid>
      <versionAsset>2</versionAsset>
      <resourceMainId>openEHR-EHR-EVALUATION.exclusion-adverse_reaction.v1</resourceMainId>
      <resourceMainDisplayName>Exclusion of an Adverse Reaction</resourceMainDisplayName>
      <resourceType>ARCHETYPE</resourceType>
      <creationTime>2013-09-03T18:39:31+0200</creationTime>
      <modificationTime>2013-10-29T21:03:07+0100</modificationTime>
      <directLink>http://ckm.apperta.org/ckm/#showArchetype_1051.32.92_2</directLink>
   </ckmResource>
   <ckmResource>
      <cid>1051.32.4</cid>
      <versionAsset>9</versionAsset>
      <resourceMainId>openEHR-EHR-EVALUATION.adverse_reaction_uk.v1</resourceMainId>
      <resourceMainDisplayName>Adverse reaction</resourceMainDisplayName>
      <resourceType>ARCHETYPE</resourceType>
      <creationTime>2012-11-05T20:32:43+0100</creationTime>
      <modificationTime>2013-09-03T13:06:08+0200</modificationTime>
      <directLink>http://ckm.apperta.org/ckm/#showArchetype_1051.32.4_9</directLink>
   </ckmResource>
   <ckmResource>
      <cid>1051.32.3</cid>
      <versionAsset>11</versionAsset>
      <resourceMainId>openEHR-EHR-CLUSTER.medication_item.v1</resourceMainId>
      <resourceMainDisplayName>Medication item</resourceMainDisplayName>
      <resourceType>ARCHETYPE</resourceType>
      <creationTime>2012-11-05T00:19:35+0100</creationTime>
      <modificationTime>2015-01-30T18:09:09+0100</modificationTime>
      <directLink>http://ckm.apperta.org/ckm/#showArchetype_1051.32.3_11</directLink>
   </ckmResource>
</templateFileSet>