<templateFileSet xmlns:xsi="http://www.w3.org/2001/XMLSchema-instance" xmlns:xsd="http://www.w3.org/2001/XMLSchema" xmlns="http://schemas.openehr.org/v1">
   <cid>1051.57.11</cid>
   <versionAsset>1</versionAsset>
   <templateName>NHS Scotland National Data Services Repeat Medication API</templateName>
   <templateId>0c639849-b909-42bc-9980-305a45eba33e</templateId>
   <rootArchetypeId>openEHR-EHR-INSTRUCTION.medication_order.v1</rootArchetypeId>
   <creationTime>19-Mar-2013</creationTime>
   <modificationTime>19-Mar-2013</modificationTime>
   <directLink>http://ckm.apperta.org/ckm/#showTemplate_1051.57.11_1</directLink>
   <logMessage>Initial upload</logMessage>
   <ckmResource>
      <cid>1051.32.31</cid>
      <versionAsset>1</versionAsset>
      <resourceMainId>openEHR-EHR-CLUSTER.record_provenance.v1</resourceMainId>
      <resourceMainDisplayName>Record provenance</resourceMainDisplayName>
      <resourceType>ARCHETYPE</resourceType>
      <creationTime>2013-02-12T17:20:32+0100</creationTime>
      <modificationTime>2013-02-12T17:20:32+0100</modificationTime>
      <directLink>http://ckm.apperta.org/ckm/#showArchetype_1051.32.31_1</directLink>
   </ckmResource>
   <ckmResource>
      <cid>1051.32.32</cid>
      <versionAsset>2</versionAsset>
      <resourceMainId>openEHR-EHR-INSTRUCTION.medication_order.v1</resourceMainId>
      <resourceMainDisplayName>Medication order</resourceMainDisplayName>
      <resourceType>ARCHETYPE</resourceType>
      <creationTime>2013-02-12T17:23:57+0100</creationTime>
      <modificationTime>2013-02-14T18:56:16+0100</modificationTime>
      <directLink>http://ckm.apperta.org/ckm/#showArchetype_1051.32.32_2</directLink>
   </ckmResource>
   <ckmResource>
      <cid>1051.32.25</cid>
      <versionAsset>2</versionAsset>
      <resourceMainId>openEHR-EHR-CLUSTER.medication_quantity_sct.v1</resourceMainId>
      <resourceMainDisplayName>Medication quantity</resourceMainDisplayName>
      <resourceType>ARCHETYPE</resourceType>
      <creationTime>2013-01-30T20:47:44+0100</creationTime>
      <modificationTime>2013-02-12T17:14:57+0100</modificationTime>
      <directLink>http://ckm.apperta.org/ckm/#showArchetype_1051.32.25_2</directLink>
   </ckmResource>
   <ckmResource>
      <cid>1051.32.26</cid>
      <versionAsset>3</versionAsset>
      <resourceMainId>openEHR-EHR-CLUSTER.medication_event.v1</resourceMainId>
      <resourceMainDisplayName>Medication event</resourceMainDisplayName>
      <resourceType>ARCHETYPE</resourceType>
      <creationTime>2013-01-30T21:06:47+0100</creationTime>
      <modificationTime>2013-02-13T14:12:50+0100</modificationTime>
      <directLink>http://ckm.apperta.org/ckm/#showArchetype_1051.32.26_3</directLink>
   </ckmResource>
   <ckmResource>
      <cid>1051.32.3</cid>
      <versionAsset>6</versionAsset>
      <resourceMainId>openEHR-EHR-CLUSTER.medication_item.v1</resourceMainId>
      <resourceMainDisplayName>Medication item</resourceMainDisplayName>
      <resourceType>ARCHETYPE</resourceType>
      <creationTime>2012-11-05T00:19:35+0100</creationTime>
      <modificationTime>2013-03-18T18:23:22+0100</modificationTime>
      <directLink>http://ckm.apperta.org/ckm/#showArchetype_1051.32.3_6</directLink>
   </ckmResource>
</templateFileSet>