<templateFileSet xmlns:xsi="http://www.w3.org/2001/XMLSchema-instance" xmlns:xsd="http://www.w3.org/2001/XMLSchema" xmlns="http://schemas.openehr.org/v1">
   <cid>1051.57.9</cid>
   <versionAsset>1</versionAsset>
   <templateName>NHS Scotland National Data Services Allergy API</templateName>
   <templateId>9d1980a1-71af-434a-a6cf-bbeb2fb5ebde</templateId>
   <rootArchetypeId>openEHR-EHR-EVALUATION.drugallergy.v1</rootArchetypeId>
   <creationTime>18-Mar-2013</creationTime>
   <modificationTime>18-Mar-2013</modificationTime>
   <directLink>http://ckm.apperta.org/ckm/#showTemplate_1051.57.9_1</directLink>
   <logMessage>Initial upload.</logMessage>
   <ckmResource>
      <cid>1051.32.31</cid>
      <versionAsset>1</versionAsset>
      <resourceMainId>openEHR-EHR-CLUSTER.record_provenance.v1</resourceMainId>
      <resourceMainDisplayName>Record provenance</resourceMainDisplayName>
      <resourceType>ARCHETYPE</resourceType>
      <creationTime>2013-02-12T17:20:32+0100</creationTime>
      <modificationTime>2013-02-12T17:20:32+0100</modificationTime>
      <directLink>http://ckm.apperta.org/ckm/#showArchetype_1051.32.31_1</directLink>
   </ckmResource>
   <ckmResource>
      <cid>1051.32.4</cid>
      <versionAsset>6</versionAsset>
      <resourceMainId>openEHR-EHR-EVALUATION.drugallergy.v1</resourceMainId>
      <resourceMainDisplayName>Adverse reaction</resourceMainDisplayName>
      <resourceType>ARCHETYPE</resourceType>
      <creationTime>2012-11-05T20:32:43+0100</creationTime>
      <modificationTime>2013-03-18T18:31:09+0100</modificationTime>
      <directLink>http://ckm.apperta.org/ckm/#showArchetype_1051.32.4_6</directLink>
   </ckmResource>
</templateFileSet>