<templateFileSet xmlns:xsi="http://www.w3.org/2001/XMLSchema-instance" xmlns:xsd="http://www.w3.org/2001/XMLSchema" xmlns="http://schemas.openehr.org/v1">
   <cid>1051.57.35</cid>
   <versionAsset>1</versionAsset>
   <templateName>Admission Meds Reconciliation Report (composition)</templateName>
   <templateId>72e0e23b-fb1f-4294-919b-6c5389b21c4f</templateId>
   <rootArchetypeId>openEHR-EHR-COMPOSITION.report.v1</rootArchetypeId>
   <creationTime>14-Oct-2014</creationTime>
   <modificationTime>14-Oct-2014</modificationTime>
   <directLink>http://ckm.apperta.org/ckm/#showTemplate_1051.57.35_1</directLink>
   <logMessage>Initial upload</logMessage>
   <ckmResource>
      <cid>1051.32.31</cid>
      <versionAsset>2</versionAsset>
      <resourceMainId>openEHR-EHR-CLUSTER.record_provenance.v1</resourceMainId>
      <resourceMainDisplayName>Record provenance</resourceMainDisplayName>
      <resourceType>ARCHETYPE</resourceType>
      <creationTime>2013-02-12T17:20:32+0100</creationTime>
      <modificationTime>2014-10-14T22:43:52+0200</modificationTime>
      <directLink>http://ckm.apperta.org/ckm/#showArchetype_1051.32.31_2</directLink>
   </ckmResource>
   <ckmResource>
      <cid>1051.32.25</cid>
      <versionAsset>3</versionAsset>
      <resourceMainId>openEHR-EHR-CLUSTER.medication_quantity_sct.v1</resourceMainId>
      <resourceMainDisplayName>Medication quantity</resourceMainDisplayName>
      <resourceType>ARCHETYPE</resourceType>
      <creationTime>2013-01-30T20:47:44+0100</creationTime>
      <modificationTime>2013-09-04T13:53:43+0200</modificationTime>
      <directLink>http://ckm.apperta.org/ckm/#showArchetype_1051.32.25_3</directLink>
   </ckmResource>
   <ckmResource>
      <cid>1051.32.26</cid>
      <versionAsset>5</versionAsset>
      <resourceMainId>openEHR-EHR-CLUSTER.medication_event.v1</resourceMainId>
      <resourceMainDisplayName>Medication event</resourceMainDisplayName>
      <resourceType>ARCHETYPE</resourceType>
      <creationTime>2013-01-30T21:06:47+0100</creationTime>
      <modificationTime>2014-10-14T22:45:54+0200</modificationTime>
      <directLink>http://ckm.apperta.org/ckm/#showArchetype_1051.32.26_5</directLink>
   </ckmResource>
   <ckmResource>
      <cid>1051.32.166</cid>
      <versionAsset>1</versionAsset>
      <resourceMainId>openEHR-EHR-COMPOSITION.report.v1</resourceMainId>
      <resourceMainDisplayName>Report</resourceMainDisplayName>
      <resourceType>ARCHETYPE</resourceType>
      <creationTime>2013-09-05T17:51:00+0200</creationTime>
      <modificationTime>2013-09-05T17:51:00+0200</modificationTime>
      <directLink>http://ckm.apperta.org/ckm/#showArchetype_1051.32.166_1</directLink>
   </ckmResource>
   <ckmResource>
      <cid>1051.32.277</cid>
      <versionAsset>1</versionAsset>
      <resourceMainId>openEHR-EHR-CLUSTER.medication_reconciliation_admit_uk.v1</resourceMainId>
      <resourceMainDisplayName>Admission medication reconciliation</resourceMainDisplayName>
      <resourceType>ARCHETYPE</resourceType>
      <creationTime>2014-10-14T23:38:25+0200</creationTime>
      <modificationTime>2014-10-14T23:38:25+0200</modificationTime>
      <directLink>http://ckm.apperta.org/ckm/#showArchetype_1051.32.277_1</directLink>
   </ckmResource>
   <ckmResource>
      <cid>1051.32.140</cid>
      <versionAsset>3</versionAsset>
      <resourceMainId>openEHR-EHR-CLUSTER.medication_event_summary.v1</resourceMainId>
      <resourceMainDisplayName>Medication event summary</resourceMainDisplayName>
      <resourceType>ARCHETYPE</resourceType>
      <creationTime>2013-09-03T19:21:47+0200</creationTime>
      <modificationTime>2014-10-14T22:34:49+0200</modificationTime>
      <directLink>http://ckm.apperta.org/ckm/#showArchetype_1051.32.140_3</directLink>
   </ckmResource>
   <ckmResource>
      <cid>1051.32.273</cid>
      <versionAsset>2</versionAsset>
      <resourceMainId>openEHR-EHR-EVALUATION.medication_statement_uk.v1</resourceMainId>
      <resourceMainDisplayName>Medication statement</resourceMainDisplayName>
      <resourceType>ARCHETYPE</resourceType>
      <creationTime>2014-10-14T22:30:39+0200</creationTime>
      <modificationTime>2014-10-14T23:41:50+0200</modificationTime>
      <directLink>http://ckm.apperta.org/ckm/#showArchetype_1051.32.273_2</directLink>
   </ckmResource>
   <ckmResource>
      <cid>1051.32.3</cid>
      <versionAsset>10</versionAsset>
      <resourceMainId>openEHR-EHR-CLUSTER.medication_item.v1</resourceMainId>
      <resourceMainDisplayName>Medication item</resourceMainDisplayName>
      <resourceType>ARCHETYPE</resourceType>
      <creationTime>2012-11-05T00:19:35+0100</creationTime>
      <modificationTime>2014-10-14T22:23:59+0200</modificationTime>
      <directLink>http://ckm.apperta.org/ckm/#showArchetype_1051.32.3_10</directLink>
   </ckmResource>
</templateFileSet>