<templateFileSet xmlns:xsi="http://www.w3.org/2001/XMLSchema-instance" xmlns:xsd="http://www.w3.org/2001/XMLSchema" xmlns="http://schemas.openehr.org/v1">
   <cid>1051.57.90</cid>
   <versionAsset>1</versionAsset>
   <templateName>GP2GP Allergy profile.v0</templateName>
   <templateId>59dc2da6-9e70-43c9-b4d2-b37848a972e7</templateId>
   <rootArchetypeId>openEHR-EHR-EVALUATION.adverse_reaction_risk.v1</rootArchetypeId>
   <creationTime>10-Feb-2017</creationTime>
   <modificationTime>10-Feb-2017</modificationTime>
   <directLink>http://ckm.apperta.org/ckm/#showTemplate_1051.57.90_1</directLink>
   <logMessage>Initial upload</logMessage>
   <ckmResource>
      <cid>1051.32.285</cid>
      <versionAsset>4</versionAsset>
      <resourceMainId>openEHR-EHR-EVALUATION.adverse_reaction_risk.v1</resourceMainId>
      <resourceMainDisplayName>Adverse reaction risk</resourceMainDisplayName>
      <resourceType>ARCHETYPE</resourceType>
      <creationTime>2015-02-16T11:38:04+0100</creationTime>
      <modificationTime>2016-03-23T13:52:28+0100</modificationTime>
      <directLink>http://ckm.apperta.org/ckm/#showArchetype_1051.32.285_4</directLink>
   </ckmResource>
</templateFileSet>